{"entities":{"pages":{"Introduction":{"id":"Introduction","title":"Javascript Documentation","url":"introduction.html","level":0,"pages":["Getting-Started","Variables","Stings","Booleans","Operators","Math-Operators","Iterations-in-Javascript","Dates","conditionals","Javascript-Objects","Javascript-Functions","Understanding-the-Event-Loop-Task-Queue-and-Microtask-Queue-in-JavaScript","Arrays","ES6","Asynchrnous-Javascript"],"tabIndex":0},"Getting-Started":{"id":"Getting-Started","title":"Getting Started","url":"getting-started.html","level":1,"parentId":"Introduction","pages":["Running-JS-node-js","Running-JS-in-console","Running-JS-in-VS-code"],"tabIndex":0},"Running-JS-node-js":{"id":"Running-JS-node-js","title":"Running JS node.js","url":"running-js-node-js.html","level":2,"parentId":"Getting-Started","tabIndex":0},"Running-JS-in-console":{"id":"Running-JS-in-console","title":"Running JS in console","url":"running-js-in-console.html","level":2,"parentId":"Getting-Started","tabIndex":1},"Running-JS-in-VS-code":{"id":"Running-JS-in-VS-code","title":"Running JavaScript in Visual Studio Code","url":"running-js-in-vs-code.html","level":2,"parentId":"Getting-Started","tabIndex":2},"Variables":{"id":"Variables","title":"JavaScript Variables","url":"variables.html","level":1,"parentId":"Introduction","tabIndex":1},"Stings":{"id":"Stings","title":"JavaScript Strings","url":"stings.html","level":1,"parentId":"Introduction","tabIndex":2},"Booleans":{"id":"Booleans","title":"Javascript Booleans","url":"booleans.html","level":1,"parentId":"Introduction","tabIndex":3},"Operators":{"id":"Operators","title":"JavaScript Logical Operators","url":"operators.html","level":1,"parentId":"Introduction","tabIndex":4},"Math-Operators":{"id":"Math-Operators","title":"Math Operators","url":"math-operators.html","level":1,"parentId":"Introduction","tabIndex":5},"Iterations-in-Javascript":{"id":"Iterations-in-Javascript","title":"JavaScript Iterations","url":"iterations-in-javascript.html","level":1,"parentId":"Introduction","tabIndex":6},"Dates":{"id":"Dates","title":"JavaScript Date and Time","url":"dates.html","level":1,"parentId":"Introduction","tabIndex":7},"conditionals":{"id":"conditionals","title":"JavaScript Conditionals","url":"conditionals.html","level":1,"parentId":"Introduction","tabIndex":8},"Javascript-Objects":{"id":"Javascript-Objects","title":"Javascript Objects","url":"javascript-objects.html","level":1,"parentId":"Introduction","pages":["Javascript-Object-Creation-Patterns","Object-Prototypes","JSON-Objects","maps","Sets"],"tabIndex":9},"Javascript-Object-Creation-Patterns":{"id":"Javascript-Object-Creation-Patterns","title":"Javascript Object Creation Patterns","url":"javascript-object-creation-patterns.html","level":2,"parentId":"Javascript-Objects","tabIndex":0},"Object-Prototypes":{"id":"Object-Prototypes","title":"Object Prototypes","url":"object-prototypes.html","level":2,"parentId":"Javascript-Objects","tabIndex":1},"JSON-Objects":{"id":"JSON-Objects","title":"JSON Objects","url":"json-objects.html","level":2,"parentId":"Javascript-Objects","tabIndex":2},"maps":{"id":"maps","title":"Maps","url":"maps.html","level":2,"parentId":"Javascript-Objects","tabIndex":3},"Sets":{"id":"Sets","title":"Sets","url":"sets.html","level":2,"parentId":"Javascript-Objects","tabIndex":4},"Javascript-Functions":{"id":"Javascript-Functions","title":"Javascript Functions","url":"javascript-functions.html","level":1,"parentId":"Introduction","tabIndex":10},"Understanding-the-Event-Loop-Task-Queue-and-Microtask-Queue-in-JavaScript":{"id":"Understanding-the-Event-Loop-Task-Queue-and-Microtask-Queue-in-JavaScript","title":"Understanding the Event Loop, Task Queue, and Microtask Queue in JavaScript","url":"understanding-the-event-loop-task-queue-and-microtask-queue-in-javascript.html","level":1,"parentId":"Introduction","tabIndex":11},"Arrays":{"id":"Arrays","title":"Arrays","url":"arrays.html","level":1,"parentId":"Introduction","pages":["for-each","map","reduce","filter"],"tabIndex":12},"for-each":{"id":"for-each","title":"JavaScript `forEach` Method","url":"for-each.html","level":2,"parentId":"Arrays","tabIndex":0},"map":{"id":"map","title":"JavaScript `map` Method","url":"map.html","level":2,"parentId":"Arrays","tabIndex":1},"reduce":{"id":"reduce","title":"JavaScript `reduce` Method","url":"reduce.html","level":2,"parentId":"Arrays","tabIndex":2},"filter":{"id":"filter","title":"JavaScript `filter` Method","url":"filter.html","level":2,"parentId":"Arrays","tabIndex":3},"ES6":{"id":"ES6","title":"Introduction to ES6 (ECMAScript 2015)","url":"es6.html","level":1,"parentId":"Introduction","pages":["Let-vs-Const","Template-Literals","Arrow-Functions","Default-Parameters","Rest-and-Spread-operators","Destructuring"],"tabIndex":13},"Let-vs-Const":{"id":"Let-vs-Const","title":"Let-vs-Const","url":"let-vs-const.html","level":2,"parentId":"ES6","tabIndex":0},"Template-Literals":{"id":"Template-Literals","title":"Template Literals","url":"template-literals.html","level":2,"parentId":"ES6","tabIndex":1},"Arrow-Functions":{"id":"Arrow-Functions","title":"Arrow Functions","url":"arrow-functions.html","level":2,"parentId":"ES6","tabIndex":2},"Default-Parameters":{"id":"Default-Parameters","title":"Default Parameters","url":"default-parameters.html","level":2,"parentId":"ES6","tabIndex":3},"Rest-and-Spread-operators":{"id":"Rest-and-Spread-operators","title":"Rest and Spread operators","url":"rest-and-spread-operators.html","level":2,"parentId":"ES6","tabIndex":4},"Destructuring":{"id":"Destructuring","title":"Destructuring","url":"destructuring.html","level":2,"parentId":"ES6","tabIndex":5},"Asynchrnous-Javascript":{"id":"Asynchrnous-Javascript","title":"Asynchronous JavaScript","url":"asynchrnous-javascript.html","level":1,"parentId":"Introduction","pages":["Promises","callbacks","Promise","Async-Await","Solving-Sequential-Eecution-with-Promise-all"],"tabIndex":14},"Promises":{"id":"Promises","title":"Understanding Synchronous and Asynchronous JavaScript","url":"promises.html","level":2,"parentId":"Asynchrnous-Javascript","tabIndex":0},"callbacks":{"id":"callbacks","title":"callbacks","url":"callbacks.html","level":2,"parentId":"Asynchrnous-Javascript","tabIndex":1},"Promise":{"id":"Promise","title":"Promise","url":"promise.html","level":2,"parentId":"Asynchrnous-Javascript","tabIndex":2},"Async-Await":{"id":"Async-Await","title":"Async-Await","url":"async-await.html","level":2,"parentId":"Asynchrnous-Javascript","tabIndex":3},"Solving-Sequential-Eecution-with-Promise-all":{"id":"Solving-Sequential-Eecution-with-Promise-all","title":"Solving Sequential Eecution with Promise.all","url":"solving-sequential-eecution-with-promise-all.html","level":2,"parentId":"Asynchrnous-Javascript","tabIndex":4}}},"topLevelIds":["Introduction"]}